{
    "0": "未知信息",
    "1": "手机号码",
    "2": "车牌号码",
    "3": "微信号码",
    "4": "QQ号码",
    "5": "姓名",
    "6": "身份证号",
    "7": "住址详址",
    "8": "邮箱",
    "9": "IMEI",
    "10": "IMSI",
    "11": "MAC",
    "12": "护照号",
    "13": "微博号",
    "14": "公司名称",
    "15": "服务处所",
    "16": "父母亲姓名",
    "17": "子女姓名",
    "19": "父亲姓名",
    "20": "小型汽车",
    "21": "轻便摩托车",
    "22": "普通摩托车",
    "23": "大型汽车",
    "24": "挂车汽车",
    "25": "警用汽车",
    "26": "警用摩托车",
    "27": "跨行政辖区临时移动使用的临时行驶车号牌",
    "28": "临时摩托车",
    "29": "其他车辆",
    "30": "监护人身份证号",
    "31": "监护人姓名",
    "32": "监护人服务处所",
    "33": "监护人住址详址",
    "34":"监护人手机号码",
    "49":"寄件人身份证号",
    "50":"寄件人姓名",
    "51":"寄件人手机号码",
    "52":"收件人身份证号",
    "53":"收件人姓名",
    "54":"收件人手机号码",
    "55":"房东身份证号",
    "56":"房东姓名",
    "57":"房东手机号码",
    "58":"房屋地址",
    "62":"租客身份证号",
    "63":"租客姓名",
    "64":"租客手机号码",
    "74":"租车人身份证号",
    "75":"租车人姓名",
    "76":"租用车牌号",
    "77":"租车人手机号码",
    "78":"车主身份证号",
    "79":"车主姓名",
    "80":"车主手机号码",
    "81":"租用车辆识别码",
    "82":"租用车辆号牌类型",
    "87":"嫌疑人姓名",
    "89":"案件名称",
    "100":"公司联系电话",
    "104":"公司负责人身份证号",
    "105":"公司负责人姓名",
    "106":"公司负责人手机号码",
    "107":"公司法人身份证号",
    "108":"公司法人姓名",
    "109":"公司法人手机号码",
    "110":"公司详址"
  }